,Unnamed: 0,scientificName,taxonKey,individualCount,organismQuantity,organismQuantityType,sex,lifeStage,occurrenceStatus,continent,countryCode,stateProvince,island,decimalLatitude,decimalLongitude,elevation,elevationAccuracy,coordinateUncertaintyInMeters,eventDate,year,month,day,datetime,date,thetao,so,mlotst,uo,vo,chl,phyc,o2
0,25,"Katsuwonus pelamis (Linnaeus, 1758)",2374191,,,,,,PRESENT,ASIA,CN,Guangxi,,21.05,109.117,,,,2022-04-21,2022.0,4.0,21.0,2022-04-21 00:00:00+00:00,2022-04-21,29.653404,33.26173,10.463024,0.10600066,-0.033836544,0.4158809,2.467258,222.68826
1,26,"Katsuwonus pelamis (Linnaeus, 1758)",2374191,,,,,,PRESENT,ASIA,TW,Taiwan,,23.082754,121.391218,,,975.0,2022-05-20T09:27,2022.0,5.0,20.0,2022-05-20 09:27:00+00:00,2022-05-20,28.309855,33.55128,15.125868,0.6053736,1.0063524,0.3031271,1.938882,204.01666
2,27,"Katsuwonus pelamis (Linnaeus, 1758)",2374191,,,,,,PRESENT,ASIA,IN,Tamil Nadu,,13.12512,80.295542,,,299.0,2022-08-21,2022.0,8.0,21.0,2022-08-21 00:00:00+00:00,2022-08-21,29.79535,33.15834,17.431349,0.036713257,0.10654449,,,
3,28,"Katsuwonus pelamis (Linnaeus, 1758)",2374191,,,,,,PRESENT,ASIA,JP,Kagoshima,,29.683333,129.516667,,,,2022-08-09,2022.0,8.0,9.0,2022-08-09 00:00:00+00:00,2022-08-09,30.96165,34.126827,11.005076,0.3795021,-0.42462635,0.156874,1.9277079,198.83006
4,215,"Pampus argenteus (Euphrasen, 1788)",2397682,,,,Indeterminate,Adult,PRESENT,ASIA,ID,Jawa Barat,,-7.702888,108.657706,,,,2022-07-17T12:40,2022.0,7.0,17.0,2022-07-17 12:40:00+00:00,2022-07-17,,,,,,,,
5,603,"Scomberomorus commerson (Lacepède, 1800)",2374255,,,,,,PRESENT,ASIA,IN,Andhra Pradesh,,17.621183,83.207494,,,30716.0,2022-06-25T17:05:38,2022.0,6.0,25.0,2022-06-25 17:05:38+00:00,2022-06-25,27.709883,33.759987,10.476156,0.10351225,0.02615261,0.5497525,2.5549543,200.55484
6,604,"Scomberomorus commerson (Lacepède, 1800)",2374255,,,,,,PRESENT,ASIA,IN,Andhra Pradesh,,17.783372,83.347422,,,30716.0,2022-06-25T17:10:58,2022.0,6.0,25.0,2022-06-25 17:10:58+00:00,2022-06-25,27.722368,33.68215,10.463024,0.10512322,0.008766866,,,
7,605,"Scomberomorus commerson (Lacepède, 1800)",2374255,,,,,,PRESENT,ASIA,HK,Islands,,22.200725,113.85483,,,30298.0,2022-07-02,2022.0,7.0,2.0,2022-07-02 00:00:00+00:00,2022-07-02,28.284948,21.002645,14.580249,0.039091606,-0.08165063,7.633082,21.65264,220.49438
8,606,"Scomberomorus commerson (Lacepède, 1800)",2374255,,,,,,PRESENT,ASIA,ID,Papua Barat,,-2.280179,130.545221,,,31438.0,2022-09-16T09:58,2022.0,9.0,16.0,2022-09-16 09:58:00+00:00,2022-09-16,,,,,,0.17947043,1.5715429,200.92514
9,827,"Thunnus albacares (Bonnaterre, 1788)",2374013,,,,,,PRESENT,ASIA,MV,,,4.170864,73.512822,,,17164.0,2022-03-17T09:36:20,2022.0,3.0,17.0,2022-03-17 09:36:20+00:00,2022-03-17,,,,,,0.161734,1.7173258,202.3565
10,828,"Thunnus albacares (Bonnaterre, 1788)",2374013,,,,,,PRESENT,ASIA,MY,Sabah,,4.469981,118.600978,,,20000.0,2022-04-08T10:52,2022.0,4.0,8.0,2022-04-08 10:52:00+00:00,2022-04-08,,,,,,,,
11,829,"Thunnus albacares (Bonnaterre, 1788)",2374013,,,,,,PRESENT,ASIA,CN,Guangxi,,21.05,109.117,,,,2022-04-21,2022.0,4.0,21.0,2022-04-21 00:00:00+00:00,2022-04-21,29.653404,33.26173,10.463024,0.10600066,-0.033836544,0.4158809,2.467258,222.68826
12,830,"Thunnus albacares (Bonnaterre, 1788)",2374013,,,,,,PRESENT,ASIA,IN,Andhra Pradesh,,17.696062,83.301117,,,4.0,2022-06-25T17:12,2022.0,6.0,25.0,2022-06-25 17:12:00+00:00,2022-06-25,27.652796,33.640854,10.463022,0.11802707,0.040465873,,,
13,831,"Thunnus albacares (Bonnaterre, 1788)",2374013,,,,,,PRESENT,ASIA,PH,Camarines Sur,,13.678836,123.683576,,,977.0,2022-07-04T08:54,2022.0,7.0,4.0,2022-07-04 08:54:00+00:00,2022-07-04,30.277176,34.158154,17.35408,-0.035932567,-0.019012498,,,
14,832,"Thunnus albacares (Bonnaterre, 1788)",2374013,,,,Indeterminate,Adult,PRESENT,ASIA,MY,Sabah,,4.244651,117.891186,,,20000.0,2022-07-31T08:33,2022.0,7.0,31.0,2022-07-31 08:33:00+00:00,2022-07-31,30.70873,28.639467,11.174697,0.07159389,-0.00055649324,,,
15,833,"Thunnus albacares (Bonnaterre, 1788)",2374013,,,,,,PRESENT,ASIA,IN,Tamil Nadu,,13.12512,80.295542,,,299.0,2022-08-21T06:44:20,2022.0,8.0,21.0,2022-08-21 06:44:20+00:00,2022-08-21,29.79535,33.15834,17.431349,0.036713257,0.10654449,,,
16,834,"Thunnus albacares (Bonnaterre, 1788)",2374013,,,,,,PRESENT,ASIA,PH,Negros Oriental,,9.304995,123.306092,,,8.0,2022-09-25T13:48:20,2022.0,9.0,25.0,2022-09-25 13:48:20+00:00,2022-09-25,30.259438,33.676193,9.867889,0.16717955,-0.11703773,,,
17,835,"Thunnus albacares (Bonnaterre, 1788)",2374013,,,,,,PRESENT,ASIA,ID,,,2.14839,118.54718,,,,2022-09-21,2022.0,9.0,21.0,2022-09-21 00:00:00+00:00,2022-09-21,30.089811,33.785053,11.419535,0.13582486,-0.8661343,0.19748719,1.8389422,202.63893
18,836,"Thunnus albacares (Bonnaterre, 1788)",2374013,,,,,,PRESENT,ASIA,ID,Nusa Tenggara Timur,,-8.500432,121.782242,,,15.0,2022-12-19T12:08,2022.0,12.0,19.0,2022-12-19 12:08:00+00:00,2022-12-19,29.888605,34.011684,10.482969,0.13628784,-0.027492521,0.13835941,1.9138355,202.78073
19,1015,"Trichiurus lepturus Linnaeus, 1758",2389407,,,,,,PRESENT,ASIA,SG,East,,1.305245,103.942017,,,4.0,2022-02-26T22:45:34,2022.0,2.0,26.0,2022-02-26 22:45:34+00:00,2022-02-26,,,,,,0.47929826,2.8444493,205.00063
20,1016,"Trichiurus lepturus Linnaeus, 1758",2389407,1.0,,,,,PRESENT,ASIA,TW,,,23.1346,120.0717,,,110.0,2022-02-01,2022.0,2.0,1.0,2022-02-01 00:00:00+00:00,2022-02-01,,,,,,1.5357363,7.2663507,227.8341
21,1017,"Trichiurus lepturus Linnaeus, 1758",2389407,,,,,,PRESENT,ASIA,KR,Gyeongsangnam-do,,34.789043,128.389544,,,,2022-08-14T20:20:29,2022.0,8.0,14.0,2022-08-14 20:20:29+00:00,2022-08-14,25.329023,31.884298,10.458954,0.3005831,-0.09125275,0.7967585,5.2215085,224.37347
22,19,"Katsuwonus pelamis (Linnaeus, 1758)",2374191,,,,,,PRESENT,ASIA,CN,Zhejiang,,28.407316,121.655715,,,89.0,2023-01-14T15:36,2023.0,1.0,14.0,2023-01-14 15:36:00+00:00,2023-01-14,10.87198,23.46281,6.928922,-0.015665505,-0.24080117,1.9722881,8.895577,299.07663
23,20,"Katsuwonus pelamis (Linnaeus, 1758)",2374191,,,,,Adult,PRESENT,ASIA,LK,Matara,,5.936804,80.565383,,,31368.0,2023-03-02T11:08,2023.0,3.0,2.0,2023-03-02 11:08:00+00:00,2023-03-02,27.986006,33.21396,15.227212,-0.11811938,-0.19758357,,,
24,21,"Katsuwonus pelamis (Linnaeus, 1758)",2374191,,,,,,PRESENT,ASIA,ID,Nusa Tenggara Timur,,-8.555287,119.431291,,,31279.0,2023-08-05T16:53,2023.0,8.0,5.0,2023-08-05 16:53:00+00:00,2023-08-05,27.556887,33.855686,19.825012,-0.040167984,0.056791358,,,
25,22,"Katsuwonus pelamis (Linnaeus, 1758)",2374191,,,,,,PRESENT,ASIA,LK,Matara,,5.885442,80.566516,,,31368.0,2023-11-13T10:19,2023.0,11.0,13.0,2023-11-13 10:19:00+00:00,2023-11-13,29.295551,33.401672,17.47797,-0.3546916,-0.09931444,,,
26,23,"Katsuwonus pelamis (Linnaeus, 1758)",2374191,,,,,,PRESENT,ASIA,PH,Maguindanao,,7.099752,124.022381,,,3733.0,2023-11-24T12:10:37,2023.0,11.0,24.0,2023-11-24 12:10:37+00:00,2023-11-24,29.782457,32.41712,10.463024,-0.17536657,-0.038952187,,,
27,24,"Katsuwonus pelamis (Linnaeus, 1758)",2374191,,,,,,PRESENT,ASIA,TW,Taiwan,,23.098756,121.380387,,,15.0,2023-12-29T13:54:18,2023.0,12.0,29.0,2023-12-29 13:54:18+00:00,2023-12-29,25.68382,34.39301,50.468685,0.26889303,0.8212925,0.3965603,1.6362774,207.27107
28,212,"Pampus argenteus (Euphrasen, 1788)",2397682,,9.0,DNA Sequence reads,,,PRESENT,ASIA,BD,,,21.756639,89.222982,,,,2023-01-09,2023.0,1.0,9.0,2023-01-09 00:00:00+00:00,2023-01-09,,,,,,,,
29,213,"Pampus argenteus (Euphrasen, 1788)",2397682,,,,,Adult,PRESENT,ASIA,TH,Nonthaburi,,13.878297,100.406614,,,,2023-04-21T10:42:17,2023.0,4.0,21.0,2023-04-21 10:42:17+00:00,2023-04-21,,,,,,,,
30,214,"Pampus argenteus (Euphrasen, 1788)",2397682,,,,,,PRESENT,ASIA,CN,Shandong,,36.056671,120.369789,,,,2023-10-23T08:30:59,2023.0,10.0,23.0,2023-10-23 08:30:59+00:00,2023-10-23,20.640862,27.187737,12.946822,0.041256238,0.014020503,1.9146271,8.821898,237.1011
31,588,"Scomberomorus commerson (Lacepède, 1800)",2374255,,,,,Adult,PRESENT,ASIA,TH,Rayong,,12.914409,101.45656,,,31057.0,2023-04-23T15:39:43,2023.0,4.0,23.0,2023-04-23 15:39:43+00:00,2023-04-23,,,,,,,,
32,589,"Scomberomorus commerson (Lacepède, 1800)",2374255,,,,,,PRESENT,ASIA,TR,Mugla,,36.743306,29.040908,,,28505.0,2023-04-16T15:36:16,2023.0,4.0,16.0,2023-04-16 15:36:16+00:00,2023-04-16,,,,,,0.46399164,3.3004045,236.82251
33,590,"Scomberomorus commerson (Lacepède, 1800)",2374255,,,,,,PRESENT,ASIA,TH,Rayong,,12.948668,101.571174,,,31057.0,2023-05-09T08:10:07,2023.0,5.0,9.0,2023-05-09 08:10:07+00:00,2023-05-09,,,,,,,,
34,591,"Scomberomorus commerson (Lacepède, 1800)",2374255,,,,,,PRESENT,ASIA,KR,Jeju-do,,33.236194,126.559472,,,,2023-06-17,2023.0,6.0,17.0,2023-06-17 00:00:00+00:00,2023-06-17,,,,,,,,
35,592,"Scomberomorus commerson (Lacepède, 1800)",2374255,,,,,,PRESENT,ASIA,ID,Sulawesi Tenggara,,-5.273259,123.53426,,,31384.0,2023-06-10T15:48,2023.0,6.0,10.0,2023-06-10 15:48:00+00:00,2023-06-10,28.42097,33.953674,12.8497095,-0.50853175,-0.100367494,0.10726904,1.2123122,201.56447
36,593,"Scomberomorus commerson (Lacepède, 1800)",2374255,,,,,Juvenile,PRESENT,ASIA,TH,Rayong,,12.801785,101.414342,,,31057.0,2023-07-06T06:03:16,2023.0,7.0,6.0,2023-07-06 06:03:16+00:00,2023-07-06,,,,,,,,
37,594,"Scomberomorus commerson (Lacepède, 1800)",2374255,,,,,,PRESENT,ASIA,CN,Guangdong,,23.519892,117.054545,,,30175.0,2023-09-10T11:48:38,2023.0,9.0,10.0,2023-09-10 11:48:38+00:00,2023-09-10,27.012453,32.17466,10.117628,0.10623944,0.03415851,4.2560983,16.59616,235.6885
38,595,"Scomberomorus commerson (Lacepède, 1800)",2374255,,,,,,PRESENT,ASIA,TH,Prachuap Khiri Khan,,12.507724,99.876729,,,31081.0,2023-10-26T15:03:47,2023.0,10.0,26.0,2023-10-26 15:03:47+00:00,2023-10-26,,,,,,0.51341164,3.2431877,202.89
39,596,"Scomberomorus commerson (Lacepède, 1800)",2374255,,,,,,PRESENT,ASIA,ID,Jawa Barat,,-6.307844,107.612364,,,31356.0,2023-11-11T08:42:54,2023.0,11.0,11.0,2023-11-11 08:42:54+00:00,2023-11-11,,,,,,,,
40,597,"Scomberomorus commerson (Lacepède, 1800)",2374255,1.0,,,,,PRESENT,ASIA,IL,,,32.106866,34.750308,,,,2023-11-08,2023.0,11.0,8.0,2023-11-08 00:00:00+00:00,2023-11-08,26.256779,39.350506,10.256597,-0.017542254,-0.0125698,,,
41,598,"Scomberomorus commerson (Lacepède, 1800)",2374255,1.0,,,,,PRESENT,ASIA,IL,,,32.603824,34.894168,,,,2023-11-10,2023.0,11.0,10.0,2023-11-10 00:00:00+00:00,2023-11-10,,,,,,,,
42,599,"Scomberomorus commerson (Lacepède, 1800)",2374255,,,,,,PRESENT,ASIA,TW,Taiwan,,23.141636,121.240151,,,30217.0,2023-12-29T13:48:49,2023.0,12.0,29.0,2023-12-29 13:48:49+00:00,2023-12-29,,,,,,,,
43,600,"Scomberomorus commerson (Lacepède, 1800)",2374255,,,,,Juvenile,PRESENT,ASIA,SG,East,,1.323123,103.877341,,,31447.0,2023-12-26T11:07:44,2023.0,12.0,26.0,2023-12-26 11:07:44+00:00,2023-12-26,,,,,,0.27054605,1.7923056,203.59787
44,601,"Scomberomorus commerson (Lacepède, 1800)",2374255,1.0,,,,,PRESENT,ASIA,IL,,,32.219564,34.79881,,,,2023-12-17,2023.0,12.0,17.0,2023-12-17 00:00:00+00:00,2023-12-17,,,,,,0.373148,2.6442888,217.44897
45,602,"Scomberomorus commerson (Lacepède, 1800)",2374255,,,,,,PRESENT,ASIA,ID,Sulawesi Utara,,1.763432,125.010991,,,31444.0,2023-12-01T10:44,2023.0,12.0,1.0,2023-12-01 10:44:00+00:00,2023-12-01,,,,,,0.1425787,1.4254414,204.09187
46,824,"Thunnus albacares (Bonnaterre, 1788)",2374013,,,,,,PRESENT,ASIA,PH,Camarines Sur,,13.676092,123.693876,,,122.0,2023-06-29T16:13,2023.0,6.0,29.0,2023-06-29 16:13:00+00:00,2023-06-29,30.872793,34.075855,12.532124,0.044995304,0.012698956,,,
47,825,"Thunnus albacares (Bonnaterre, 1788)",2374013,,,,,,PRESENT,ASIA,LK,Gampaha,,7.202829,79.828829,,,50.0,2023-12-21T06:19,2023.0,12.0,21.0,2023-12-21 06:19:00+00:00,2023-12-21,29.641975,33.461685,6.796646,-0.12564318,0.07939235,0.5854058,3.4360664,206.38191
48,826,"Thunnus albacares (Bonnaterre, 1788)",2374013,,,,,,PRESENT,ASIA,IN,,,9.931233,76.267304,,,,2023-12-03,2023.0,12.0,3.0,2023-12-03 00:00:00+00:00,2023-12-03,30.766422,33.794136,7.209237,0.017742608,-0.036215845,,,
49,1011,"Trichiurus lepturus Linnaeus, 1758",2389407,,,,,Adult,PRESENT,ASIA,CN,Zhejiang,,30.138523,122.75993,,,38.0,2023-08-16T19:08:01,2023.0,8.0,16.0,2023-08-16 19:08:01+00:00,2023-08-16,29.016237,29.830385,10.463023,-0.029692376,-0.2119361,0.3319925,2.8384874,205.3907
50,1012,"Trichiurus lepturus Linnaeus, 1758",2389407,,,,,,PRESENT,ASIA,KR,Jeju,,33.241917,126.523316,,,28984.0,2023-10-13T15:00,2023.0,10.0,13.0,2023-10-13 15:00:00+00:00,2023-10-13,,,,,,,,
51,1013,"Trichiurus lepturus Linnaeus, 1758",2389407,,,,,,PRESENT,ASIA,TW,Tainan,,22.918426,120.200269,,,50.0,2023-11-25T11:04,2023.0,11.0,25.0,2023-11-25 11:04:00+00:00,2023-11-25,25.726871,33.69714,13.230178,-0.14790589,0.056886397,,,
52,1014,"Trichiurus lepturus Linnaeus, 1758",2389407,,,,,,PRESENT,ASIA,JP,Wakayama,,34.199397,135.09672,,,4279.0,2023-11-04,2023.0,11.0,4.0,2023-11-04 00:00:00+00:00,2023-11-04,21.983213,32.305992,10.46302,-0.057852976,-0.053563245,1.5382284,8.271921,244.20007
53,11,"Katsuwonus pelamis (Linnaeus, 1758)",2374191,,,,,Adult,PRESENT,ASIA,PH,Camarines Sur,,13.710148,123.597992,,,122.0,2024-02-09T06:39,2024.0,2.0,9.0,2024-02-09 06:39:00+00:00,2024-02-09,,,,,,,,
54,12,"Katsuwonus pelamis (Linnaeus, 1758)",2374191,,,,,,PRESENT,ASIA,PH,Oriental Mindoro,,13.4999,120.955795,,,9.0,2024-04-25T13:32:30,2024.0,4.0,25.0,2024-04-25 13:32:30+00:00,2024-04-25,29.206245,34.366188,10.627198,-0.23281854,0.325444,,,
55,13,"Katsuwonus pelamis (Linnaeus, 1758)",2374191,,,,,,PRESENT,ASIA,IN,Lakshadweep,,10.558459,72.632411,,,2385.0,2024-04-20T19:09,2024.0,4.0,20.0,2024-04-20 19:09:00+00:00,2024-04-20,31.620262,34.36872,12.697153,-0.26838937,-0.1578015,0.14400865,1.8663187,198.92146
56,14,"Katsuwonus pelamis (Linnaeus, 1758)",2374191,,,,,,PRESENT,ASIA,VN,Quảng Ngãi,,15.379307,109.095116,,,,2024-08-30T05:50,2024.0,8.0,30.0,2024-08-30 05:50:00+00:00,2024-08-30,31.053295,33.698875,10.512705,-0.21562327,0.17717944,0.22176115,2.4475358,202.40408
57,15,"Katsuwonus pelamis (Linnaeus, 1758)",2374191,,,,,,PRESENT,ASIA,VN,Quảng Ngãi,,15.379371,109.095413,,,,2024-08-23T06:54,2024.0,8.0,23.0,2024-08-23 06:54:00+00:00,2024-08-23,28.374187,33.812035,10.463027,-0.30730867,0.6670521,0.4361047,3.3609178,211.44241
58,16,"Katsuwonus pelamis (Linnaeus, 1758)",2374191,,,,,,PRESENT,ASIA,PH,Camarines Sur,,13.691023,123.674362,,,31.0,2024-10-27T19:03,2024.0,10.0,27.0,2024-10-27 19:03:00+00:00,2024-10-27,29.74734,34.064564,10.83183,0.15323928,0.07367238,,,
59,17,"Katsuwonus pelamis (Linnaeus, 1758)",2374191,,,,,,PRESENT,ASIA,AE,Dubay,,25.026684,55.082694,,,6697.0,2024-10-06T11:24:21,2024.0,10.0,6.0,2024-10-06 11:24:21+00:00,2024-10-06,,,,,,,,
60,18,"Katsuwonus pelamis (Linnaeus, 1758)",2374191,,,,,,PRESENT,ASIA,ID,Sulawesi Tengah,,-1.392706,120.737869,,,1903.0,2024-12-28T13:20,2024.0,12.0,28.0,2024-12-28 13:20:00+00:00,2024-12-28,,,,,,,,
61,210,"Pampus argenteus (Euphrasen, 1788)",2397682,,,,,Adult,PRESENT,ASIA,TH,Chanthaburi,,12.619717,102.094189,,,,2024-07-01T16:33:04,2024.0,7.0,1.0,2024-07-01 16:33:04+00:00,2024-07-01,,,,,,1.4325064,1.5513825,196.55351
62,211,"Pampus cinereus (Bloch, 1795)",2397674,,,,,,PRESENT,ASIA,ID,Jawa Barat,,-7.713099,108.500387,,,22.0,2024-11-17T07:55:52,2024.0,11.0,17.0,2024-11-17 07:55:52+00:00,2024-11-17,29.763859,34.067287,10.463024,-0.047298316,-0.012541686,,,
63,541,"Scomberomorus commerson (Lacepède, 1800)",2374255,,,,,,PRESENT,ASIA,IN,Kerala,,8.987037,76.522063,,,31262.0,2024-01-05T15:34:22,2024.0,1.0,5.0,2024-01-05 15:34:22+00:00,2024-01-05,29.683296,33.612003,9.172673,-0.07294558,0.092194,0.16940515,1.5976359,202.93877
64,542,"Scomberomorus commerson (Lacepède, 1800)",2374255,,,,,,PRESENT,ASIA,KH,Kaôh Kong,,10.720888,103.205539,,,31179.0,2024-01-09T10:21:05,2024.0,1.0,9.0,2024-01-09 10:21:05+00:00,2024-01-09,29.67211,31.159678,10.631664,0.083712526,-0.16204588,0.2044162,1.8695627,203.29341
65,543,"Scomberomorus commerson (Lacepède, 1800)",2374255,1.0,,,,,PRESENT,ASIA,VN,Khanh Hoa Province,,10.936,108.287,,,,2024-01-27,2024.0,1.0,27.0,2024-01-27 00:00:00+00:00,2024-01-27,25.131285,33.476696,7.904355,-0.08738876,-0.10211833,,,
66,544,"Scomberomorus commerson (Lacepède, 1800)",2374255,1.0,,,,,PRESENT,ASIA,IL,,,32.141545,34.783099,,,,2024-01-16,2024.0,1.0,16.0,2024-01-16 00:00:00+00:00,2024-01-16,20.184677,38.37737,27.937193,0.081367135,0.062295444,0.1693488,1.2899143,220.13258
67,545,"Scomberomorus commerson (Lacepède, 1800)",2374255,1.0,,,,,PRESENT,ASIA,IL,,,32.202525,34.794707,,,,2024-01-16,2024.0,1.0,16.0,2024-01-16 00:00:00+00:00,2024-01-16,,,,,,0.1693488,1.2899143,220.13258
68,546,"Scomberomorus commerson (Lacepède, 1800)",2374255,1.0,,,,,PRESENT,ASIA,IL,,,32.028733,34.708647,,,,2024-01-16,2024.0,1.0,16.0,2024-01-16 00:00:00+00:00,2024-01-16,,,,,,,,
69,547,"Scomberomorus commerson (Lacepède, 1800)",2374255,,,,,,PRESENT,ASIA,TH,Phangnga,,8.771974,98.283547,,,31271.0,2024-02-12T04:49,2024.0,2.0,12.0,2024-02-12 04:49:00+00:00,2024-02-12,30.175316,32.261757,7.0,0.01974813,-0.014011379,,,
70,548,"Scomberomorus commerson (Lacepède, 1800)",2374255,,,,,,PRESENT,ASIA,TW,,,23.789573,121.623615,,,30154.0,2024-02-02T09:33,2024.0,2.0,2.0,2024-02-02 09:33:00+00:00,2024-02-02,25.061522,34.409367,12.581109,-0.11799876,-0.1273567,,,
71,549,"Scomberomorus commerson (Lacepède, 1800)",2374255,1.0,,,,,PRESENT,ASIA,IL,,,32.001072,34.719696,,,,2024-02-07,2024.0,2.0,7.0,2024-02-07 00:00:00+00:00,2024-02-07,,,,,,,,
72,550,"Scomberomorus commerson (Lacepède, 1800)",2374255,1.0,,,,,PRESENT,ASIA,IL,,,32.240656,34.785103,,,,2024-02-26,2024.0,2.0,26.0,2024-02-26 00:00:00+00:00,2024-02-26,18.092516,36.833675,10.55678,0.0005487801,-0.08220737,0.7532782,5.021706,239.20433
73,551,"Scomberomorus commerson (Lacepède, 1800)",2374255,1.0,,,,,PRESENT,ASIA,IL,,,31.758305,34.595754,,,,2024-02-07,2024.0,2.0,7.0,2024-02-07 00:00:00+00:00,2024-02-07,17.67844,36.536762,11.02804,0.10657093,0.029645285,0.10124115,1.0972273,227.66856
74,552,"Scomberomorus commerson (Lacepède, 1800)",2374255,1.0,,,,,PRESENT,ASIA,IL,,,31.699436,34.561382,,,,2024-02-07,2024.0,2.0,7.0,2024-02-07 00:00:00+00:00,2024-02-07,,,,,,0.10124115,1.0972273,227.66856
75,553,"Scomberomorus commerson (Lacepède, 1800)",2374255,1.0,,,,,PRESENT,ASIA,IL,,,32.216362,34.807204,,,,2024-02-10,2024.0,2.0,10.0,2024-02-10 00:00:00+00:00,2024-02-10,,,,,,0.44755104,3.0642884,231.0401
76,554,"Scomberomorus commerson (Lacepède, 1800)",2374255,1.0,,,,,PRESENT,ASIA,IL,,,32.793177,34.956797,,,,2024-03-10,2024.0,3.0,10.0,2024-03-10 00:00:00+00:00,2024-03-10,18.278255,37.54171,11.547208,0.17385945,0.16453318,,,
77,555,"Scomberomorus commerson (Lacepède, 1800)",2374255,1.0,,,,,PRESENT,ASIA,IL,,,32.752615,34.954818,,,,2024-03-30,2024.0,3.0,30.0,2024-03-30 00:00:00+00:00,2024-03-30,19.160479,37.938213,8.968298,0.07008418,0.016840987,,,
78,556,"Scomberomorus commerson (Lacepède, 1800)",2374255,1.0,,,,,PRESENT,ASIA,IL,,,32.807797,34.963259,,,,2024-03-10,2024.0,3.0,10.0,2024-03-10 00:00:00+00:00,2024-03-10,18.294106,37.845177,11.823028,0.18088096,0.021963697,,,
79,557,"Scomberomorus commerson (Lacepède, 1800)",2374255,1.0,,,,,PRESENT,ASIA,IL,,,32.154566,34.791074,,,,2024-03-13,2024.0,3.0,13.0,2024-03-13 00:00:00+00:00,2024-03-13,18.6271,37.20659,12.934026,0.07383565,0.045702316,0.43764067,3.3998718,235.56538
80,558,"Scomberomorus commerson (Lacepède, 1800)",2374255,1.0,,,,,PRESENT,ASIA,IL,,,32.862597,34.975269,,,,2024-03-05,2024.0,3.0,5.0,2024-03-05 00:00:00+00:00,2024-03-05,18.186827,38.156895,14.454299,0.1357467,0.020642512,,,
81,559,"Scomberomorus commerson (Lacepède, 1800)",2374255,,,,,,PRESENT,ASIA,ID,Nusa Tenggara Timur,,-8.26373,124.598122,,,31287.0,2024-04-24T16:52,2024.0,4.0,24.0,2024-04-24 16:52:00+00:00,2024-04-24,,,,,,,,
82,560,"Scomberomorus commerson (Lacepède, 1800)",2374255,,,,,Juvenile,PRESENT,ASIA,TH,Chanthaburi,,12.682513,102.193023,,,31069.0,2024-04-27T05:47:29,2024.0,4.0,27.0,2024-04-27 05:47:29+00:00,2024-04-27,,,,,,,,
83,561,"Scomberomorus commerson (Lacepède, 1800)",2374255,,,,,,PRESENT,ASIA,PH,Oriental Mindoro,,13.404027,120.930268,,,31020.0,2024-04-25T13:31:02,2024.0,4.0,25.0,2024-04-25 13:31:02+00:00,2024-04-25,,,,,,,,
84,562,"Scomberomorus commerson (Lacepède, 1800)",2374255,1.0,,,,,PRESENT,ASIA,IL,,,32.264495,34.823732,,,,2024-04-24,2024.0,4.0,24.0,2024-04-24 00:00:00+00:00,2024-04-24,,,,,,0.3803541,3.373942,232.36049
85,563,"Scomberomorus commerson (Lacepède, 1800)",2374255,1.0,,,,,PRESENT,ASIA,IL,,,32.537886,34.892521,,,,2024-04-15,2024.0,4.0,15.0,2024-04-15 00:00:00+00:00,2024-04-15,,,,,,,,
86,564,"Scomberomorus commerson (Lacepède, 1800)",2374255,,,,,Adult,PRESENT,ASIA,TH,Rayong,,12.728116,101.644611,,,31069.0,2024-05-30T06:01:05,2024.0,5.0,30.0,2024-05-30 06:01:05+00:00,2024-05-30,,,,,,,,
87,565,"Scomberomorus commerson (Lacepède, 1800)",2374255,,,,,,PRESENT,ASIA,PH,Camarines Sur,,13.939959,123.656379,,,30994.0,2024-06-11T17:41,2024.0,6.0,11.0,2024-06-11 17:41:00+00:00,2024-06-11,,,,,,0.13556154,1.720199,199.43166
88,566,"Scomberomorus commerson (Lacepède, 1800)",2374255,,,,,Juvenile,PRESENT,ASIA,TH,Chanthaburi,,12.686389,102.121346,,,31069.0,2024-07-01T06:44:33,2024.0,7.0,1.0,2024-07-01 06:44:33+00:00,2024-07-01,,,,,,,,
89,567,"Scomberomorus commerson (Lacepède, 1800)",2374255,,,,,,PRESENT,ASIA,SG,East,,1.382545,103.911901,,,31447.0,2024-07-06T12:49,2024.0,7.0,6.0,2024-07-06 12:49:00+00:00,2024-07-06,,,,,,,,
90,568,"Scomberomorus commerson (Lacepède, 1800)",2374255,,,,,,PRESENT,ASIA,SG,East,,1.297114,103.970123,,,31447.0,2024-07-06T10:56,2024.0,7.0,6.0,2024-07-06 10:56:00+00:00,2024-07-06,30.65176,31.71663,14.265211,0.0024070272,0.018961955,0.60656357,2.7569804,206.53093
91,569,"Scomberomorus commerson (Lacepède, 1800)",2374255,,,,,,PRESENT,ASIA,SG,East,,1.302466,103.824817,,,31447.0,2024-07-06T12:19,2024.0,7.0,6.0,2024-07-06 12:19:00+00:00,2024-07-06,,,,,,0.6269494,2.6976705,207.66501
92,570,"Scomberomorus commerson (Lacepède, 1800)",2374255,,,,,,PRESENT,ASIA,MY,Sabah,,6.81132,116.863746,,,31337.0,2024-07-22T10:43,2024.0,7.0,22.0,2024-07-22 10:43:00+00:00,2024-07-22,,,,,,,,
93,571,"Scomberomorus commerson (Lacepède, 1800)",2374255,,,,,,PRESENT,ASIA,ID,Sumatera Barat,,-1.060741,100.583645,,,31448.0,2024-07-09T16:30:46,2024.0,7.0,9.0,2024-07-09 16:30:46+00:00,2024-07-09,,,,,,,,
94,572,"Scomberomorus commerson (Lacepède, 1800)",2374255,,,,,,PRESENT,ASIA,SG,East,,1.270023,103.840834,,,31447.0,2024-08-04T19:16,2024.0,8.0,4.0,2024-08-04 19:16:00+00:00,2024-08-04,29.79869,32.510807,19.98893,-0.30957812,-0.07379677,1.0539489,1.9124398,200.57999
95,573,"Scomberomorus commerson (Lacepède, 1800)",2374255,,,,,,PRESENT,ASIA,ID,Banten,,-6.033633,106.599275,,,31362.0,2024-08-18T10:02:28,2024.0,8.0,18.0,2024-08-18 10:02:28+00:00,2024-08-18,29.823204,32.03642,10.920066,-0.12597373,0.0022057656,0.5043721,2.890172,207.46515
96,574,"Scomberomorus commerson (Lacepède, 1800)",2374255,,,,,,PRESENT,ASIA,SG,East,,1.325532,103.812964,,,31447.0,2024-08-27T16:03,2024.0,8.0,27.0,2024-08-27 16:03:00+00:00,2024-08-27,,,,,,0.6465977,2.052854,202.3523
97,575,"Scomberomorus commerson (Lacepède, 1800)",2374255,,,,,Juvenile,PRESENT,ASIA,IN,Daman and Diu,,20.694118,70.983378,,,30453.0,2024-08-31T17:34,2024.0,8.0,31.0,2024-08-31 17:34:00+00:00,2024-08-31,27.724543,35.4536,16.121592,-0.008958469,-0.03120752,,,
98,576,"Scomberomorus commerson (Lacepède, 1800)",2374255,,,,,,PRESENT,ASIA,MY,Sabah,,5.874823,116.170789,,,31368.0,2024-08-01T19:02,2024.0,8.0,1.0,2024-08-01 19:02:00+00:00,2024-08-01,,,,,,,,
99,577,"Scomberomorus commerson (Lacepède, 1800)",2374255,1.0,,,,,PRESENT,ASIA,IL,,,29.534205,34.942539,,,,2024-08-17,2024.0,8.0,17.0,2024-08-17 00:00:00+00:00,2024-08-17,,,,,,,,
100,578,"Scomberomorus commerson (Lacepède, 1800)",2374255,,,,,,PRESENT,ASIA,SA,Jizan,,17.256843,42.409539,,,30748.0,2024-09-11T17:22:09,2024.0,9.0,11.0,2024-09-11 17:22:09+00:00,2024-09-11,,,,,,,,
101,579,"Scomberomorus commerson (Lacepède, 1800)",2374255,,,,,Juvenile,PRESENT,ASIA,TH,Rayong,,12.69442,101.793774,,,31069.0,2024-10-03T07:23:19,2024.0,10.0,3.0,2024-10-03 07:23:19+00:00,2024-10-03,30.774946,28.636646,6.788158,-0.04645321,0.0615793,,,
102,580,"Scomberomorus commerson (Lacepède, 1800)",2374255,1.0,,,,,PRESENT,ASIA,IL,,,32.161414,34.792251,,,,2024-10-29,2024.0,10.0,29.0,2024-10-29 00:00:00+00:00,2024-10-29,,,,,,0.14194381,1.5689263,210.64879
103,581,"Scomberomorus commerson (Lacepède, 1800)",2374255,,,,,,PRESENT,ASIA,SG,East,,1.239375,103.851609,,,31447.0,2024-11-23T16:07,2024.0,11.0,23.0,2024-11-23 16:07:00+00:00,2024-11-23,30.414377,32.180714,19.988932,-0.45396194,-0.1501695,0.36548534,2.3542128,203.0134
104,582,"Scomberomorus commerson (Lacepède, 1800)",2374255,,,,,,PRESENT,ASIA,MY,Sabah,,4.491464,118.900097,,,31403.0,2024-11-15T10:32:17,2024.0,11.0,15.0,2024-11-15 10:32:17+00:00,2024-11-15,30.418316,32.604992,10.463024,-0.46714097,-0.67236453,0.19398226,1.6687653,201.94592
105,583,"Scomberomorus commerson (Lacepède, 1800)",2374255,,,,,Juvenile,PRESENT,ASIA,TH,Phuket,,7.907094,98.598205,,,31302.0,2024-11-28T07:53:11,2024.0,11.0,28.0,2024-11-28 07:53:11+00:00,2024-11-28,29.477543,31.71437,19.645267,-0.040946364,-0.0024748193,0.28588507,1.7053233,201.786
106,584,"Scomberomorus commerson (Lacepède, 1800)",2374255,,,,,,PRESENT,ASIA,EG,Janub Sina',,27.963768,34.576363,,,29680.0,2024-12-12T12:59,2024.0,12.0,12.0,2024-12-12 12:59:00+00:00,2024-12-12,23.20527,38.921013,15.124161,-0.047967557,-0.02150776,0.10347616,0.98271215,206.37892
107,585,"Scomberomorus commerson (Lacepède, 1800)",2374255,,,,,,PRESENT,ASIA,IN,Goa,,15.652478,73.713912,,,30870.0,2024-12-23T23:33:41,2024.0,12.0,23.0,2024-12-23 23:33:41+00:00,2024-12-23,27.62564,35.40009,7.614239,0.048177592,-0.06923745,,,
108,586,"Scomberomorus commerson (Lacepède, 1800)",2374255,,,,,,PRESENT,ASIA,PH,Bohol,,9.459136,123.951433,,,31236.0,2024-12-15T10:16:08,2024.0,12.0,15.0,2024-12-15 10:16:08+00:00,2024-12-15,29.007797,33.97337,12.397585,-0.02324653,-0.23291449,0.20281248,1.4588451,201.20602
109,587,"Scomberomorus commerson (Lacepède, 1800)",2374255,,,,,,PRESENT,ASIA,ID,Papua Barat,,-2.247157,130.424118,,,31438.0,2024-12-19T08:34,2024.0,12.0,19.0,2024-12-19 08:34:00+00:00,2024-12-19,30.498663,34.185043,18.661198,0.31083307,-0.04955052,0.17647219,1.2951312,198.61613
110,818,"Thunnus albacares (Bonnaterre, 1788)",2374013,,,,,,PRESENT,ASIA,IN,Maharashtra,,18.946743,72.835772,,,,2024-02-10T08:19:05,2024.0,2.0,10.0,2024-02-10 08:19:05+00:00,2024-02-10,25.384422,35.53471,6.999823,0.006680055,-0.05119351,0.28297016,1.9892528,211.65527
111,819,"Thunnus albacares (Bonnaterre, 1788)",2374013,,,,,,PRESENT,ASIA,LK,Galle,,6.03041,80.217197,,,,2024-03-05T09:50,2024.0,3.0,5.0,2024-03-05 09:50:00+00:00,2024-03-05,29.244,32.803036,11.8458395,-0.30812782,0.28572124,,,
112,820,"Thunnus albacares (Bonnaterre, 1788)",2374013,,,,,,PRESENT,ASIA,LK,Gampaha,,7.21026,79.831245,,,,2024-03-14T09:38:04,2024.0,3.0,14.0,2024-03-14 09:38:04+00:00,2024-03-14,30.887737,33.45646,7.205951,0.07407121,-0.0058501046,0.22756752,1.9611899,205.05333
113,821,"Thunnus albacares (Bonnaterre, 1788)",2374013,,,,,Adult,PRESENT,ASIA,TW,Taiwan,,22.237795,120.669583,,,210.0,2024-05-05T09:09:06,2024.0,5.0,5.0,2024-05-05 09:09:06+00:00,2024-05-05,28.784101,33.873516,13.544507,0.014893051,0.024819119,,,
114,822,"Thunnus albacares (Bonnaterre, 1788)",2374013,,,,,,PRESENT,ASIA,IN,Kerala,,11.438212,75.696328,,,18.0,2024-08-02T14:14:48,2024.0,8.0,2.0,2024-08-02 14:14:48+00:00,2024-08-02,27.311295,33.595264,7.0233517,-0.078929655,-0.04501191,,,
115,823,"Thunnus albacares (Bonnaterre, 1788)",2374013,,,,,,PRESENT,ASIA,LK,Galle,,6.12608,80.266954,,,31362.0,2024-11-22T10:05,2024.0,11.0,22.0,2024-11-22 10:05:00+00:00,2024-11-22,,,,,,,,
116,1001,"Trichiurus lepturus Linnaeus, 1758",2389407,,,,Female,Adult,PRESENT,ASIA,IN,Gujarat,,21.108,70.1,,,,2024-02-08,2024.0,2.0,8.0,2024-02-08 00:00:00+00:00,2024-02-08,24.383707,35.62374,18.722263,0.0019486045,-0.018651359,0.3071641,1.7566109,212.06871
117,1002,"Trichiurus lepturus Linnaeus, 1758",2389407,,,,,Adult,PRESENT,ASIA,TW,Taiwan,,22.791816,121.193314,,,,2024-03-04T07:54,2024.0,3.0,4.0,2024-03-04 07:54:00+00:00,2024-03-04,,,,,,0.36886978,1.7818713,210.60397
118,1003,"Trichiurus lepturus Linnaeus, 1758",2389407,,,,,,PRESENT,ASIA,JP,Ibaraki,,36.300608,140.571062,,,2.0,2024-07-07T10:49:15,2024.0,7.0,7.0,2024-07-07 10:49:15+00:00,2024-07-07,,,,,,,,
119,1004,"Trichiurus lepturus Linnaeus, 1758",2389407,,,,,,PRESENT,ASIA,JP,Kanagawa,,35.266634,139.749005,,,,2024-08-13T08:07:14,2024.0,8.0,13.0,2024-08-13 08:07:14+00:00,2024-08-13,28.463541,32.95274,10.459815,0.08191112,0.21301818,2.212239,12.065187,228.50955
120,1005,"Trichiurus japonicus Temminck & Schlegel, 1844",2389414,,,,,,PRESENT,ASIA,CN,Shandong,,36.051889,120.390498,,,1061.0,2024-08-20T21:48,2024.0,8.0,20.0,2024-08-20 21:48:00+00:00,2024-08-20,,,,,,0.30720535,1.4855107,221.08508
121,1006,"Trichiurus lepturus Linnaeus, 1758",2389407,,,,,,PRESENT,ASIA,KR,Gyeongsangnam-do,,34.912749,128.445983,,,28762.0,2024-08-12T23:20,2024.0,8.0,12.0,2024-08-12 23:20:00+00:00,2024-08-12,,,,,,,,
122,1007,"Trichiurus lepturus Linnaeus, 1758",2389407,,,,,,PRESENT,ASIA,JP,Hyōgo,,34.606834,135.058371,,,7778.0,2024-09-08T17:12:50,2024.0,9.0,8.0,2024-09-08 17:12:50+00:00,2024-09-08,28.61753,29.84672,10.463024,0.0015163461,-0.04620663,2.354295,11.411926,260.72202
123,1008,"Trichiurus lepturus Linnaeus, 1758",2389407,,,,,,PRESENT,ASIA,ID,Bali,,-8.757028,115.168406,,,,2024-10-12T11:37:01,2024.0,10.0,12.0,2024-10-12 11:37:01+00:00,2024-10-12,,,,,,0.43135405,2.6764061,203.57738
124,1009,"Trichiurus lepturus Linnaeus, 1758",2389407,,,,,,PRESENT,ASIA,JP,Wakayama,,34.186502,135.092287,,,3856.0,2024-10-20,2024.0,10.0,20.0,2024-10-20 00:00:00+00:00,2024-10-20,24.2168,32.86064,14.809273,-0.039591305,-0.09906123,0.8762175,3.410474,227.68112
125,1010,"Trichiurus lepturus Linnaeus, 1758",2389407,,,,,,PRESENT,ASIA,CN,Zhejiang,,30.208614,122.385904,,,86370.0,2024-11-30T14:28:28,2024.0,11.0,30.0,2024-11-30 14:28:28+00:00,2024-11-30,,,,,,0.7449992,3.6525338,265.62177
126,1,"Katsuwonus pelamis (Linnaeus, 1758)",2374191,,,,,,PRESENT,ASIA,MV,,,4.179925,73.509617,,,,2025-02-09T20:06:43,2025.0,2.0,9.0,2025-02-09 20:06:43+00:00,2025-02-09,,,,,,0.18898632,1.6320056,203.44675
127,2,"Katsuwonus pelamis (Linnaeus, 1758)",2374191,,,,,,PRESENT,ASIA,LK,Gampaha,,7.210245,79.831384,,,183.0,2025-02-22T05:41:15,2025.0,2.0,22.0,2025-02-22 05:41:15+00:00,2025-02-22,29.744276,33.766045,7.2059507,-0.019485688,0.012647296,0.24843004,2.0464463,204.953
128,3,"Katsuwonus pelamis (Linnaeus, 1758)",2374191,,,,,,PRESENT,ASIA,PH,Batangas,,13.7108,120.897259,,,985.0,2025-03-02T15:15,2025.0,3.0,2.0,2025-03-02 15:15:00+00:00,2025-03-02,,,,,,,,
129,4,"Katsuwonus pelamis (Linnaeus, 1758)",2374191,,,,,,PRESENT,ASIA,LK,Galle,,6.033374,80.217667,,,,2025-04-21T07:06,2025.0,4.0,21.0,2025-04-21 07:06:00+00:00,2025-04-21,29.822174,34.043415,10.667729,0.11309389,-0.24881917,,,
130,5,"Katsuwonus pelamis (Linnaeus, 1758)",2374191,,,,,,PRESENT,ASIA,LK,Matara,,5.971575,80.426917,,,4.0,2025-04-20T16:50,2025.0,4.0,20.0,2025-04-20 16:50:00+00:00,2025-04-20,,,,,,,,
131,6,"Katsuwonus pelamis (Linnaeus, 1758)",2374191,,,,,,PRESENT,ASIA,IN,Karnataka,,13.346714,74.701211,,,,2025-05-08T06:30:23,2025.0,5.0,8.0,2025-05-08 06:30:23+00:00,2025-05-08,31.93948,34.541073,9.163806,0.030121721,-0.04713502,0.19860558,1.9425225,198.45244
132,7,"Katsuwonus pelamis (Linnaeus, 1758)",2374191,,,,,,PRESENT,ASIA,ID,Sulawesi Utara,,1.513511,124.890417,,,,2025-06-25T18:24:35,2025.0,6.0,25.0,2025-06-25 18:24:35+00:00,2025-06-25,,,,,,,,
133,8,"Katsuwonus pelamis (Linnaeus, 1758)",2374191,1.0,,,,,PRESENT,ASIA,VN,Phú Yên,,13.088,109.309,,,,2025-08-24,2025.0,8.0,24.0,2025-08-24 00:00:00+00:00,2025-08-24,,,,,,,,
134,9,"Katsuwonus pelamis (Linnaeus, 1758)",2374191,1.0,,,,,PRESENT,ASIA,VN,Phú Yên,,13.088,109.309,,,,2025-08-24,2025.0,8.0,24.0,2025-08-24 00:00:00+00:00,2025-08-24,,,,,,,,
135,10,"Katsuwonus pelamis (Linnaeus, 1758)",2374191,,,,,,PRESENT,ASIA,ID,Bali,,-8.356305,115.715422,,,4.0,2025-12-12T07:37:01,2025.0,12.0,12.0,2025-12-12 07:37:01+00:00,2025-12-12,30.241056,33.631023,10.76748,0.44868955,-0.76025873,0.16516015,1.573757,201.95522
136,206,"Pampus argenteus (Euphrasen, 1788)",2397682,,,,,,PRESENT,ASIA,CN,Zhejiang,,29.822387,122.337021,,,29433.0,2025-05-17T15:24:22,2025.0,5.0,17.0,2025-05-17 15:24:22+00:00,2025-05-17,20.847448,29.724209,10.467142,0.05518977,-0.10459994,0.6782284,3.5018172,240.35252
137,207,"Pampus argenteus (Euphrasen, 1788)",2397682,,,,,,PRESENT,ASIA,CN,Shandong,,36.181158,120.277306,,,,2025-09-07T09:50:27,2025.0,9.0,7.0,2025-09-07 09:50:27+00:00,2025-09-07,29.333033,26.426758,6.9889197,0.00041669214,0.0025809552,,,
138,208,"Pampus argenteus (Euphrasen, 1788)",2397682,,,,,,PRESENT,ASIA,CN,Shandong,,36.181064,120.277314,,,,2025-09-07T10:04:19,2025.0,9.0,7.0,2025-09-07 10:04:19+00:00,2025-09-07,29.333033,26.426758,6.9889197,0.00041669214,0.0025809552,,,
139,209,"Pampus argenteus (Euphrasen, 1788)",2397682,,,,,,PRESENT,ASIA,TW,Taipei,,25.10776,121.510359,,,30003.0,2025-12-10T08:28:54,2025.0,12.0,10.0,2025-12-10 08:28:54+00:00,2025-12-10,,,,,,,,
140,506,"Scomberomorus commerson (Lacepède, 1800)",2374255,,,,,,PRESENT,ASIA,IN,Kerala,,9.545512,76.362436,,,31236.0,2025-01-10T16:31:56,2025.0,1.0,10.0,2025-01-10 16:31:56+00:00,2025-01-10,,,,,,0.15988003,1.644743,206.07545
141,507,"Scomberomorus commerson (Lacepède, 1800)",2374255,,,,,Juvenile,PRESENT,ASIA,SG,East,,1.346429,103.856472,,,31447.0,2025-01-18T13:50,2025.0,1.0,18.0,2025-01-18 13:50:00+00:00,2025-01-18,,,,,,0.3171418,2.090711,206.72263
142,508,"Scomberomorus commerson (Lacepède, 1800)",2374255,1.0,,,,,PRESENT,ASIA,IL,,,32.000751,34.72301,,,,2025-01-02,2025.0,1.0,2.0,2025-01-02 00:00:00+00:00,2025-01-02,,,,,,,,
143,509,"Scomberomorus commerson (Lacepède, 1800)",2374255,1.0,,,,,PRESENT,ASIA,IL,,,32.790454,34.926743,,,,2025-01-04,2025.0,1.0,4.0,2025-01-04 00:00:00+00:00,2025-01-04,19.525288,39.27825,24.73446,0.012995436,0.03639943,,,
144,510,"Scomberomorus commerson (Lacepède, 1800)",2374255,1.0,,,,,PRESENT,ASIA,IL,,,32.825866,35.015176,,,,2025-01-15,2025.0,1.0,15.0,2025-01-15 00:00:00+00:00,2025-01-15,18.870897,39.340363,13.434615,0.04934725,0.027942112,,,
145,511,"Scomberomorus commerson (Lacepède, 1800)",2374255,1.0,,,,,PRESENT,ASIA,IL,,,32.132769,34.764095,,,,2025-01-02,2025.0,1.0,2.0,2025-01-02 00:00:00+00:00,2025-01-02,19.576527,38.883785,27.318497,-0.009314252,-0.01067346,0.21759453,1.5364722,221.16875
146,512,"Scomberomorus commerson (Lacepède, 1800)",2374255,1.0,,,,,PRESENT,ASIA,IL,,,31.852388,34.654536,,,,2025-01-22,2025.0,1.0,22.0,2025-01-22 00:00:00+00:00,2025-01-22,,,,,,,,
147,513,"Scomberomorus commerson (Lacepède, 1800)",2374255,,,,,,PRESENT,ASIA,LK,Galle,,6.267964,80.183206,,,31356.0,2025-02-05T05:16:18,2025.0,2.0,5.0,2025-02-05 05:16:18+00:00,2025-02-05,,,,,,,,
148,514,"Scomberomorus commerson (Lacepède, 1800)",2374255,,,,,Juvenile,PRESENT,ASIA,TH,Rayong,,12.634241,101.554313,,,31069.0,2025-02-01T10:07:43,2025.0,2.0,1.0,2025-02-01 10:07:43+00:00,2025-02-01,,,,,,,,
149,515,"Scomberomorus commerson (Lacepède, 1800)",2374255,,,,,,PRESENT,ASIA,LK,Kalutara,,6.425451,79.962612,,,31350.0,2025-02-04T15:05:17,2025.0,2.0,4.0,2025-02-04 15:05:17+00:00,2025-02-04,28.961435,33.01327,9.790722,-0.1457822,0.19228552,,,
150,516,"Scomberomorus commerson (Lacepède, 1800)",2374255,,,,,,PRESENT,ASIA,PH,Palawan,,9.685978,118.701388,,,31227.0,2025-02-06T18:25:57,2025.0,2.0,6.0,2025-02-06 18:25:57+00:00,2025-02-06,,,,,,,,
151,517,"Scomberomorus commerson (Lacepède, 1800)",2374255,,,,,,PRESENT,ASIA,IN,Karnataka,,12.870771,74.850072,,,31057.0,2025-02-23T08:08:49,2025.0,2.0,23.0,2025-02-23 08:08:49+00:00,2025-02-23,30.518328,33.282887,7.483888,0.030208554,-0.061602846,0.2252333,1.7606618,208.56813
152,518,"Scomberomorus commerson (Lacepède, 1800)",2374255,1.0,,,,,PRESENT,ASIA,IL,,,32.806197,34.939293,,,,2025-03-03,2025.0,3.0,3.0,2025-03-03 00:00:00+00:00,2025-03-03,17.67555,38.92677,34.668766,-0.011729114,0.006045959,,,
153,519,"Scomberomorus commerson (Lacepède, 1800)",2374255,1.0,,,,,PRESENT,ASIA,IL,,,32.833068,35.032645,,,,2025-03-03,2025.0,3.0,3.0,2025-03-03 00:00:00+00:00,2025-03-03,17.377436,38.964386,13.832554,0.0021148599,-0.040528126,,,
154,520,"Scomberomorus commerson (Lacepède, 1800)",2374255,1.0,,,,,PRESENT,ASIA,IL,,,32.843427,34.951936,,,,2025-03-03,2025.0,3.0,3.0,2025-03-03 00:00:00+00:00,2025-03-03,17.67555,38.92677,34.668766,-0.011729114,0.006045959,,,
155,521,"Scomberomorus commerson (Lacepède, 1800)",2374255,,,,,,PRESENT,ASIA,TH,Satun,,6.526299,99.320382,,,31350.0,2025-04-16T19:00:04,2025.0,4.0,16.0,2025-04-16 19:00:04+00:00,2025-04-16,30.324753,31.039228,10.498484,0.050886624,0.14830029,0.3023443,1.9375355,201.62805
156,522,"Scomberomorus commerson (Lacepède, 1800)",2374255,,,,,,PRESENT,ASIA,TH,Prachuap Khiri Khan,,12.555022,99.984419,,,31081.0,2025-04-16T17:35:30,2025.0,4.0,16.0,2025-04-16 17:35:30+00:00,2025-04-16,30.888285,27.45881,10.135048,0.007454573,-0.026809013,0.358057,2.1458507,200.96912
157,523,"Scomberomorus commerson (Lacepède, 1800)",2374255,,,,,,PRESENT,ASIA,AE,Dubay,,25.200104,55.282546,,,29981.0,2025-04-06T17:39:21,2025.0,4.0,6.0,2025-04-06 17:39:21+00:00,2025-04-06,26.486443,39.94275,8.06555,-0.08420368,-0.043658305,1.6154795,1.5572301,211.15424
158,524,"Scomberomorus commerson (Lacepède, 1800)",2374255,,,,,,PRESENT,ASIA,ID,Jawa Tengah,,-7.530713,110.642617,,,31317.0,2025-04-07T15:50,2025.0,4.0,7.0,2025-04-07 15:50:00+00:00,2025-04-07,,,,,,,,
159,525,"Scomberomorus commerson (Lacepède, 1800)",2374255,,,,,,PRESENT,ASIA,IN,Kerala,,9.790855,76.250898,,,31227.0,2025-04-26T08:27:20,2025.0,4.0,26.0,2025-04-26 08:27:20+00:00,2025-04-26,31.69726,34.004147,10.464562,0.028643027,0.0076533793,0.1740072,1.7867339,205.3213
160,526,"Scomberomorus commerson (Lacepède, 1800)",2374255,,,,,,PRESENT,ASIA,AE,Sharjah,,25.223119,55.28663,,,29981.0,2025-04-24T12:15:54,2025.0,4.0,24.0,2025-04-24 12:15:54+00:00,2025-04-24,27.737982,40.21532,10.797427,0.08184453,0.053400476,2.1364129,1.4359305,202.06104
161,527,"Scomberomorus commerson (Lacepède, 1800)",2374255,,,,,,PRESENT,ASIA,LK,Gampaha,,7.369199,79.842836,,,31324.0,2025-04-25T06:03,2025.0,4.0,25.0,2025-04-25 06:03:00+00:00,2025-04-25,30.969189,33.754093,7.8529615,0.0323226,-0.01272008,0.32681313,2.2826889,202.66646
162,528,"Scomberomorus commerson (Lacepède, 1800)",2374255,,,,,,PRESENT,ASIA,LK,Gampaha,,7.298658,79.948959,,,31324.0,2025-04-25T14:00,2025.0,4.0,25.0,2025-04-25 14:00:00+00:00,2025-04-25,,,,,,,,
163,529,"Scomberomorus commerson (Lacepède, 1800)",2374255,,,,,Juvenile,PRESENT,ASIA,LK,Gampaha,,7.276013,79.805618,,,31324.0,2025-04-25T14:00,2025.0,4.0,25.0,2025-04-25 14:00:00+00:00,2025-04-25,30.90836,33.763702,7.2059402,0.045888618,-0.023571633,0.32681313,2.2826889,202.66646
164,530,"Scomberomorus commerson (Lacepède, 1800)",2374255,1.0,,,,,PRESENT,ASIA,IL,,,32.410423,34.860443,,,,2025-04-20,2025.0,4.0,20.0,2025-04-20 00:00:00+00:00,2025-04-20,19.94401,37.905563,10.603679,0.033354208,0.05188836,0.3102666,3.1335359,232.75122
165,531,"Scomberomorus commerson (Lacepède, 1800)",2374255,,,,,,PRESENT,ASIA,SG,West,,1.308239,103.76484,,,31447.0,2025-04-27T12:05:36,2025.0,4.0,27.0,2025-04-27 12:05:36+00:00,2025-04-27,,,,,,0.43746153,2.9248848,209.3273
166,532,"Scomberomorus commerson (Lacepède, 1800)",2374255,,,,,,PRESENT,ASIA,IN,Karnataka,,13.338481,74.722904,,,31032.0,2025-05-08T06:17:25,2025.0,5.0,8.0,2025-05-08 06:17:25+00:00,2025-05-08,32.113865,34.532597,7.5438957,0.032505903,-0.044972192,0.19860558,1.9425225,198.45244
167,533,"Scomberomorus commerson (Lacepède, 1800)",2374255,1.0,,,,,PRESENT,ASIA,IL,,,32.831585,35.042633,,,,2025-05-10,2025.0,5.0,10.0,2025-05-10 00:00:00+00:00,2025-05-10,22.31277,38.32293,10.885057,-0.061033256,-0.02170729,,,
168,534,"Scomberomorus commerson (Lacepède, 1800)",2374255,,,,,,PRESENT,ASIA,IN,Puducherry,,11.879691,79.824194,,,31115.0,2025-05-16T11:33,2025.0,5.0,16.0,2025-05-16 11:33:00+00:00,2025-05-16,31.207104,34.131535,11.679416,0.03903307,0.10789218,,,
169,535,"Scomberomorus commerson (Lacepède, 1800)",2374255,,,,,,PRESENT,ASIA,TR,Mugla,,36.65599,28.238995,,,28505.0,2025-06-27T22:55:03,2025.0,6.0,27.0,2025-06-27 22:55:03+00:00,2025-06-27,26.71394,39.421135,10.459946,-0.17528248,-0.1553022,0.13195875,1.9579709,215.76048
170,536,"Scomberomorus commerson (Lacepède, 1800)",2374255,,,,,,PRESENT,ASIA,CN,Guangdong,,22.559574,114.020915,,,30278.0,2025-07-27T11:36:54,2025.0,7.0,27.0,2025-07-27 11:36:54+00:00,2025-07-27,,,,,,,,
171,537,"Scomberomorus commerson (Lacepède, 1800)",2374255,1.0,,,,,PRESENT,ASIA,IL,,,32.430366,34.869096,,,,2025-08-23,2025.0,8.0,23.0,2025-08-23 00:00:00+00:00,2025-08-23,29.75045,38.828056,17.59142,0.1056536,0.13754272,0.11973016,2.0034788,198.42331
172,538,"Scomberomorus commerson (Lacepède, 1800)",2374255,,,,,,PRESENT,ASIA,VN,Khánh Hòa,,12.297999,109.365693,,,31092.0,2025-09-05,2025.0,9.0,5.0,2025-09-05 00:00:00+00:00,2025-09-05,30.059517,33.294064,11.316182,0.0071457727,0.04911098,0.19611374,2.1681552,204.45163
173,539,"Scomberomorus commerson (Lacepède, 1800)",2374255,,,,,,PRESENT,ASIA,IL,HaZafon,,33.143842,35.150474,,,29012.0,2025-10-26T14:48,2025.0,10.0,26.0,2025-10-26 14:48:00+00:00,2025-10-26,26.327463,39.306232,31.872835,0.04730401,0.028390381,,,
174,540,"Scomberomorus commerson (Lacepède, 1800)",2374255,,,,,,PRESENT,ASIA,TW,Taiwan,,24.591871,121.892877,,,30069.0,2025-12-18T16:16,2025.0,12.0,18.0,2025-12-18 16:16:00+00:00,2025-12-18,25.692453,34.375256,29.37656,0.2913468,0.8732364,0.38607556,1.447792,206.2113
175,806,"Thunnus albacares (Bonnaterre, 1788)",2374013,,,,,,PRESENT,ASIA,OM,Muscat,,23.624065,58.563665,,,4.0,2025-01-14T07:25,2025.0,1.0,14.0,2025-01-14 07:25:00+00:00,2025-01-14,24.176186,36.839607,55.702362,0.08449644,-0.04840696,,,
176,807,"Thunnus albacares (Bonnaterre, 1788)",2374013,,,,,,PRESENT,ASIA,MV,,,4.179925,73.509617,,,,2025-02-09T20:06:40,2025.0,2.0,9.0,2025-02-09 20:06:40+00:00,2025-02-09,,,,,,0.18898632,1.6320056,203.44675
177,808,"Thunnus albacares (Bonnaterre, 1788)",2374013,,,,,,PRESENT,ASIA,IN,Puducherry,,11.930892,79.787421,,,209.0,2025-02-17,2025.0,2.0,17.0,2025-02-17 00:00:00+00:00,2025-02-17,,,,,,,,
178,809,"Thunnus albacares (Bonnaterre, 1788)",2374013,,,,,,PRESENT,ASIA,LK,Gampaha,,7.210326,79.831398,,,183.0,2025-02-22T05:39:27,2025.0,2.0,22.0,2025-02-22 05:39:27+00:00,2025-02-22,29.744276,33.766045,7.2059507,-0.019485688,0.012647296,0.24843004,2.0464463,204.953
179,810,"Thunnus albacares (Bonnaterre, 1788)",2374013,,,,,,PRESENT,ASIA,JP,Okinawa,,26.82805,128.273523,,,7937.0,2025-03-03,2025.0,3.0,3.0,2025-03-03 00:00:00+00:00,2025-03-03,21.079523,34.79657,11.097688,-0.059787065,0.019657085,,,
180,811,"Thunnus albacares (Bonnaterre, 1788)",2374013,,,,,,PRESENT,ASIA,LK,Gampaha,,7.202942,79.829326,,,2.0,2025-04-25T06:03,2025.0,4.0,25.0,2025-04-25 06:03:00+00:00,2025-04-25,30.836622,33.781967,6.7967396,0.05680574,-0.03384162,0.32681313,2.2826889,202.66646
181,812,"Thunnus albacares (Bonnaterre, 1788)",2374013,,,,,,PRESENT,ASIA,LK,Galle,,6.030341,80.217216,,,15.0,2025-04-21T07:03,2025.0,4.0,21.0,2025-04-21 07:03:00+00:00,2025-04-21,29.822174,34.043415,10.667729,0.11309389,-0.24881917,,,
182,813,"Thunnus albacares (Bonnaterre, 1788)",2374013,,,,,,PRESENT,ASIA,ID,Sulawesi Tengah,,-0.423315,119.83523,,,136771.0,2025-06-21T14:43,2025.0,6.0,21.0,2025-06-21 14:43:00+00:00,2025-06-21,,,,,,0.16773945,1.5412979,207.50592
183,814,"Thunnus albacares (Bonnaterre, 1788)",2374013,,,,,,PRESENT,ASIA,LK,Gampaha,,7.20292,79.82872,,,51.0,2025-07-29T10:35,2025.0,7.0,29.0,2025-07-29 10:35:00+00:00,2025-07-29,28.825415,34.95195,6.796756,0.020806462,0.0872208,1.6549945,8.723746,215.63904
184,815,"Thunnus albacares (Bonnaterre, 1788)",2374013,,,,,,PRESENT,ASIA,MV,,,5.103353,73.072449,,,3.0,2025-08-20T07:01:35,2025.0,8.0,20.0,2025-08-20 07:01:35+00:00,2025-08-20,28.921297,35.35326,11.863272,-0.0105809225,-0.08690613,0.17169973,1.61114,199.12964
185,816,"Thunnus albacares (Bonnaterre, 1788)",2374013,,,,,,PRESENT,ASIA,TW,Taiwan,,22.791774,121.193323,,,67.0,2025-10-10T08:13:17,2025.0,10.0,10.0,2025-10-10 08:13:17+00:00,2025-10-10,,,,,,0.17574476,1.4543184,201.00168
186,817,"Thunnus albacares (Bonnaterre, 1788)",2374013,,,,,,PRESENT,ASIA,MY,Sabah,,4.478655,118.616883,,,8.0,2025-11-23T17:58:13,2025.0,11.0,23.0,2025-11-23 17:58:13+00:00,2025-11-23,,,,,,,,
187,979,"Trichiurus lepturus Linnaeus, 1758",2389407,,,,,,PRESENT,ASIA,CN,Zhejiang,,29.85967,122.259797,,,29433.0,2025-01-03T18:35,2025.0,1.0,3.0,2025-01-03 18:35:00+00:00,2025-01-03,10.747329,22.047567,10.336845,-0.08595382,-0.19153363,0.91669863,4.6679935,301.17416
188,980,"Trichiurus japonicus Temminck & Schlegel, 1844",2389414,,,,,Adult,PRESENT,ASIA,CN,Zhejiang,,30.264463,122.217029,,,29382.0,2025-01-06T12:21:34,2025.0,1.0,6.0,2025-01-06 12:21:34+00:00,2025-01-06,10.649571,21.621605,10.319086,0.05104623,-0.09691779,2.4078052,11.562105,334.59354
189,981,"Trichiurus lepturus Linnaeus, 1758",2389407,,,,,,PRESENT,ASIA,HK,Islands,,22.290103,114.019372,,,353.0,2025-02-04T17:50:26,2025.0,2.0,4.0,2025-02-04 17:50:26+00:00,2025-02-04,16.721125,31.413813,7.0002546,-0.020558942,0.006936455,1.0020181,4.960164,249.83153
190,982,"Trichiurus lepturus Linnaeus, 1758",2389407,,,,,,PRESENT,ASIA,SG,East,,1.305425,103.942475,,,13.0,2025-02-08T23:54:15,2025.0,2.0,8.0,2025-02-08 23:54:15+00:00,2025-02-08,,,,,,0.25444642,1.8806468,207.99837
191,983,"Trichiurus lepturus Linnaeus, 1758",2389407,,,,,,PRESENT,ASIA,IN,Puducherry,,11.906654,79.82394,,,8.0,2025-02-13T16:12,2025.0,2.0,13.0,2025-02-13 16:12:00+00:00,2025-02-13,28.100409,32.351616,14.537415,-0.0039264862,0.0034743038,,,
192,984,"Trichiurus lepturus Linnaeus, 1758",2389407,,,,,Adult,PRESENT,ASIA,IN,Tamil Nadu,,9.215135,79.358524,,,1789.0,2025-03-09T09:29,2025.0,3.0,9.0,2025-03-09 09:29:00+00:00,2025-03-09,29.463863,32.602882,6.8888364,-0.068060964,-0.12670104,0.19321036,1.9476352,204.41946
193,985,"Trichiurus lepturus Linnaeus, 1758",2389407,,,,,,PRESENT,ASIA,ID,Jakarta Raya,,-6.093732,106.803868,,,,2025-04-18T10:56:20,2025.0,4.0,18.0,2025-04-18 10:56:20+00:00,2025-04-18,30.591553,32.248913,10.922312,0.018141529,-0.0020545742,1.1405578,5.301529,212.64272
194,986,"Trichiurus lepturus Linnaeus, 1758",2389407,,,,,,PRESENT,ASIA,IN,Karnataka,,13.348097,74.701789,,,,2025-05-08T05:51:22,2025.0,5.0,8.0,2025-05-08 05:51:22+00:00,2025-05-08,31.93948,34.541073,9.163806,0.030121721,-0.04713502,0.19860558,1.9425225,198.45244
195,987,"Trichiurus lepturus Linnaeus, 1758",2389407,,,,,,PRESENT,ASIA,IN,Karnataka,,13.347967,74.701717,,,,2025-05-08T05:53:54,2025.0,5.0,8.0,2025-05-08 05:53:54+00:00,2025-05-08,31.93948,34.541073,9.163806,0.030121721,-0.04713502,0.19860558,1.9425225,198.45244
196,988,"Trichiurus lepturus Linnaeus, 1758",2389407,,,,,,PRESENT,ASIA,IN,Karnataka,,13.348086,74.701772,,,,2025-05-08T05:52:26,2025.0,5.0,8.0,2025-05-08 05:52:26+00:00,2025-05-08,31.93948,34.541073,9.163806,0.030121721,-0.04713502,0.19860558,1.9425225,198.45244
197,989,"Trichiurus lepturus Linnaeus, 1758",2389407,,,,,,PRESENT,ASIA,ID,Bali,,-8.757335,115.1685,,,15.0,2025-07-22T14:01,2025.0,7.0,22.0,2025-07-22 14:01:00+00:00,2025-07-22,,,,,,0.79993117,3.6450093,205.74011
198,990,"Trichiurus lepturus Linnaeus, 1758",2389407,,,,,Juvenile,PRESENT,ASIA,CN,Zhejiang,,29.903723,122.347192,,,29433.0,2025-08-13T23:33:32,2025.0,8.0,13.0,2025-08-13 23:33:32+00:00,2025-08-13,31.059807,27.459768,8.985526,0.17656454,0.17181738,0.33720228,2.5554285,202.78654
199,991,"Trichiurus lepturus Linnaeus, 1758",2389407,,,,,Juvenile,PRESENT,ASIA,CN,Zhejiang,,29.903634,122.29946,,,29433.0,2025-08-14T22:04:25,2025.0,8.0,14.0,2025-08-14 22:04:25+00:00,2025-08-14,30.34319,30.444595,8.829738,0.035426997,0.07848842,0.32650697,2.474968,201.99709
200,992,"Trichiurus lepturus Linnaeus, 1758",2389407,,,,,Juvenile,PRESENT,ASIA,CN,Zhejiang,,29.828399,122.233791,,,29433.0,2025-08-16T03:22,2025.0,8.0,16.0,2025-08-16 03:22:00+00:00,2025-08-16,30.39059,32.545773,10.463616,-0.04168561,-0.022101978,0.33626202,2.3240333,200.13902
201,993,"Trichiurus lepturus Linnaeus, 1758",2389407,,,,,Juvenile,PRESENT,ASIA,CN,Zhejiang,,29.876825,122.366973,,,29433.0,2025-08-21T21:09,2025.0,8.0,21.0,2025-08-21 21:09:00+00:00,2025-08-21,29.998348,33.171757,9.006217,0.138354,0.05447492,0.48509192,3.2685483,203.8401
202,994,"Trichiurus lepturus Linnaeus, 1758",2389407,,,,,,PRESENT,ASIA,ID,Sumatera Barat,,-1.230035,100.338821,,,38841.0,2025-08-14T11:00:28,2025.0,8.0,14.0,2025-08-14 11:00:28+00:00,2025-08-14,29.908287,33.4939,17.62827,-0.09980907,0.12070882,0.14205089,1.5409087,201.76602
203,995,"Trichiurus lepturus Linnaeus, 1758",2389407,,,,,Juvenile,PRESENT,ASIA,CN,Zhejiang,,29.887083,122.21154,,,29433.0,2025-08-17T03:18,2025.0,8.0,17.0,2025-08-17 03:18:00+00:00,2025-08-17,30.476627,31.694187,9.353211,-0.06265108,0.016097175,0.32343793,2.38884,201.61403
204,996,"Trichiurus japonicus Temminck & Schlegel, 1844",2389414,,,,,,PRESENT,ASIA,CN,Shandong,,36.180803,120.277097,,,,2025-09-07T10:00:04,2025.0,9.0,7.0,2025-09-07 10:00:04+00:00,2025-09-07,29.333033,26.426758,6.9889197,0.00041669214,0.0025809552,,,
205,997,"Trichiurus japonicus Temminck & Schlegel, 1844",2389414,,,,,,PRESENT,ASIA,CN,Shandong,,36.181192,120.277331,,,,2025-09-07T10:28:35,2025.0,9.0,7.0,2025-09-07 10:28:35+00:00,2025-09-07,29.333033,26.426758,6.9889197,0.00041669214,0.0025809552,,,
206,998,"Trichiurus japonicus Temminck & Schlegel, 1844",2389414,,,,,,PRESENT,ASIA,CN,Shandong,,36.098457,120.530769,,,,2025-09-14T10:42:03,2025.0,9.0,14.0,2025-09-14 10:42:03+00:00,2025-09-14,,,,,,0.832213,4.103021,226.93231
207,999,"Trichiurus lepturus Linnaeus, 1758",2389407,,,,,Adult,PRESENT,ASIA,JP,Kanagawa,,35.271633,139.685008,,,28706.0,2025-09-29T15:05,2025.0,9.0,29.0,2025-09-29 15:05:00+00:00,2025-09-29,25.307308,32.49197,10.420892,0.0014659138,-0.036755007,2.3384871,11.137579,237.87007
208,1000,"Trichiurus lepturus Linnaeus, 1758",2389407,,,,,,PRESENT,ASIA,TH,Phangnga,,8.18265,98.493622,,,60.0,2025-11-07T14:58:50,2025.0,11.0,7.0,2025-11-07 14:58:50+00:00,2025-11-07,29.311378,30.568172,7.1774077,0.029568765,-0.0019223376,,,
